<!-- [ Mirror metadata ] generatedAt: 1479893982193 -->
<!-- Generated screen file. Fill the id tags below with content with
which to populate your previewed layout. For a complete specification
of sample data, please see http://jimulabs.com/sample-data-specifications/ 

Valid attributes on <screen> tag: theme="@style/someTheme" inEditMode="false" overlay="@drawable/mockup" -->
<screen>
    <_content layout="@layout/activity_user_profile">
        <!-- TextView Examples:
        <name_textview text="@string/string_resource" />
        <name_textview text="Text literal" textSize="14sp" /> -->
        <name_textview />
        <timestamp_textview />
        <phone_textview />
        <description_textview />
        <send_message_button />
        <audio_call_button />
        <video_call_button />
        <delete_chat_history_button />
        <remove_contact_and_chat_history_button />
    </_content>
</screen>
