<!-- [ Mirror metadata ] generatedAt: 1479893982195 -->
<!-- Generated screen file. Fill the id tags below with content with
which to populate your previewed layout. For a complete specification
of sample data, please see http://jimulabs.com/sample-data-specifications/ 

Valid attributes on <screen> tag: theme="@style/someTheme" inEditMode="false" overlay="@drawable/mockup" -->
<screen>
    <_content layout="@layout/activity_reset_password">
        <!-- ImageView Examples:
        <btnBack src="@drawable/image_resource" />
        <btnBack src="relative_path/image.jpg" /> -->
        <btnBack />
        <!-- TextView Examples:
        <btnResend text="@string/string_resource" />
        <btnResend text="Text literal" textSize="14sp" /> -->
        <btnResend />
        <btnReSet />
        <txtSignIn />
        <textView />
    </_content>
</screen>
