<!-- [ Mirror metadata ] generatedAt: 1479893982358 -->
<!-- Generated screen file. Fill the id tags below with content with
which to populate your previewed layout. For a complete specification
of sample data, please see http://jimulabs.com/sample-data-specifications/ 

Valid attributes on <screen> tag: theme="@style/someTheme" inEditMode="false" overlay="@drawable/mockup" -->
<screen>
    <_content layout="@layout/activity_landing">
        <!-- ImageView Examples:
        <labels_imageview src="@drawable/image_resource" />
        <labels_imageview src="relative_path/image.jpg" /> -->
        <labels_imageview />
        <!-- TextView Examples:
        <login_button text="@string/string_resource" />
        <login_button text="Text literal" textSize="14sp" /> -->
        <login_button />
        <app_version_textview />
    </_content>
</screen>
