<!-- [ Mirror metadata ] generatedAt: 1479893982350 -->
<!-- Generated screen file. Fill the id tags below with content with
which to populate your previewed layout. For a complete specification
of sample data, please see http://jimulabs.com/sample-data-specifications/ 

Valid attributes on <screen> tag: theme="@style/someTheme" inEditMode="false" overlay="@drawable/mockup" -->
<screen>
    <_content layout="@layout/activity_about">
        <!-- ImageView Examples:
        <logo_imageview src="@drawable/image_resource" />
        <logo_imageview src="relative_path/image.jpg" /> -->
        <logo_imageview />
        <!-- TextView Examples:
        <app_version_textview text="@string/string_resource" />
        <app_version_textview text="Text literal" textSize="14sp" /> -->
        <app_version_textview />
        <logo_vendor_imageview />
        <license_button />
        <vendor_textview />
    </_content>
</screen>
