<!-- [ Mirror metadata ] generatedAt: 1479893982226 -->
<!-- Generated screen file. Fill the id tags below with content with
which to populate your previewed layout. For a complete specification
of sample data, please see http://jimulabs.com/sample-data-specifications/ 

Valid attributes on <screen> tag: theme="@style/someTheme" inEditMode="false" overlay="@drawable/mockup" -->
<screen>
    <_content layout="@layout/activity_login">
        <!-- ImageView Examples:
        <logo src="@drawable/image_resource" />
        <logo src="relative_path/image.jpg" /> -->
        <logo />
        <!-- TextView Examples:
        <btnSignIn text="@string/string_resource" />
        <btnSignIn text="Text literal" textSize="14sp" /> -->
        <btnSignIn />
        <tvtLoginwithgoogle />
        <btnForgetPassword />
        <btnSignUp />
    </_content>
</screen>
