<!-- [ Mirror metadata ] generatedAt: 1479893982395 -->
<!-- Generated screen file. Fill the id tags below with content with
which to populate your previewed layout. For a complete specification
of sample data, please see http://jimulabs.com/sample-data-specifications/ 

Valid attributes on <screen> tag: theme="@style/someTheme" inEditMode="false" overlay="@drawable/mockup" -->
<screen>
    <_content layout="@layout/nav_header_main">
        <!-- TextView Examples:
        <txtUserName text="@string/string_resource" />
        <txtUserName text="Text literal" textSize="14sp" /> -->
        <txtUserName />
        <txtMailID />
        <!-- ImageView Examples:
        <imgLogout src="@drawable/image_resource" />
        <imgLogout src="relative_path/image.jpg" /> -->
        <imgLogout />
        <txtLogout />
    </_content>
</screen>
